,Gender,Married,Dependents,Education,Self_Employed,Loan_Amount_Term,Credit_History,Loan_Status,LoanAmount_Log,TotalIncome_Log,Rural,Semiurban,Urban
0,0,1,0,0,0,360.0,1,1,7.007810628047801,12.513974273740658,0,0,1
1,0,0,1,0,0,360.0,1,0,7.0,12.572463389083676,1,0,0
2,0,0,0,0,1,360.0,1,1,6.044394119358453,11.550746785383243,0,0,1
3,0,0,0,1,0,360.0,1,1,6.906890595608519,12.270587340447511,0,0,1
4,0,1,0,0,0,360.0,1,1,7.139551352398794,12.550746785383243,0,0,1
5,0,0,2,0,1,360.0,1,1,8.060695931687555,13.230771018439848,0,0,1
6,0,0,0,1,0,360.0,1,1,6.569855608330948,11.91026795581084,0,0,1
7,0,0,3,0,0,360.0,0,0,7.303780748177103,12.43567026093655,0,1,0
8,0,0,2,0,0,360.0,1,1,7.392317422778761,12.433585441150495,0,0,1
9,0,0,1,0,0,360.0,1,0,8.447083226209653,14.539219406905376,0,1,0
10,0,0,2,0,0,360.0,1,1,6.129283016944966,11.929258408636972,0,0,1
12,0,0,2,0,0,360.0,1,1,7.643856189774724,13.448503519468836,0,0,1
13,0,1,0,0,0,360.0,1,0,6.832890014164741,12.196294745028263,1,0,0
14,0,0,2,0,0,120.0,1,1,4.087462841250339,11.219773550892874,0,0,1
15,0,1,0,0,0,360.0,1,1,6.965784284662087,12.273212809854334,0,0,1
17,1,1,0,0,0,360.0,0,0,6.247927513443585,11.777255315191923,0,0,1
18,0,0,0,1,0,360.0,1,0,7.05528243550119,12.254733389246674,1,0,0
20,0,0,0,1,0,360.0,0,0,6.700439718141092,12.903128676812319,0,0,1
21,0,0,1,0,0,360.0,1,1,8.29920801838728,13.4993476328766,0,0,1
22,0,0,0,1,0,360.0,0,0,6.857980995127572,12.139231570719353,0,1,0
23,1,0,2,1,0,360.0,0,0,6.807354922057604,12.366868586167094,1,0,0
25,0,0,0,0,1,360.0,1,1,7.577428828035749,13.222794902868111,0,1,0
26,0,0,0,0,0,360.0,1,1,6.930737337562887,12.302638923787553,0,1,0
27,0,0,2,1,0,360.0,1,1,6.78135971352466,12.362491806046062,0,0,1
28,0,1,0,1,0,360.0,1,0,5.129283016944966,10.493855449240822,0,0,1
31,0,1,0,0,0,360.0,1,0,6.20945336562895,11.62890115202819,0,0,1
32,0,1,1,0,1,360.0,1,0,6.727920454563199,12.19598729802851,1,0,0
33,0,0,0,0,0,360.0,1,1,6.832890014164741,12.335111168424861,0,1,0
34,0,1,3,0,0,360.0,1,0,8.321928094887362,13.919980595048962,1,0,0
35,0,0,0,0,0,360.0,1,1,7.007810628047801,12.084144010615145,0,0,1
36,0,0,0,0,0,360.0,0,0,6.643856189774724,11.624795455860237,0,0,1
37,1,0,0,0,0,360.0,1,1,7.169925001442312,12.323617763291578,0,1,0
38,0,1,0,0,0,360.0,1,1,7.523561956057013,13.473705749619416,0,0,1
39,0,1,0,1,0,360.0,1,1,6.78135971352466,12.403012023574997,0,1,0
40,0,1,0,0,0,360.0,1,0,6.321928094887363,11.813781191217037,0,0,1
41,0,1,0,0,0,360.0,1,1,5.554588851677638,11.556984957594462,0,0,1
43,0,0,0,0,0,360.0,1,1,7.066089190457772,12.61585949358308,0,1,0
44,0,0,0,1,1,360.0,1,1,6.584962500721156,12.196909442541138,0,0,1
45,1,1,0,0,0,360.0,1,1,6.459431618637297,11.735556023911535,0,0,1
46,0,0,1,0,0,360.0,1,1,5.459431618637297,12.463779785335385,0,0,1
47,0,0,0,0,0,360.0,1,1,7.169925001442312,12.507051302247916,0,0,1
48,1,0,0,0,0,360.0,0,0,6.906890595608519,12.57104154760109,0,0,1
49,1,1,0,0,0,360.0,1,1,7.169925001442312,12.615399743725497,0,1,0
50,1,0,0,1,0,360.0,1,1,6.643856189774724,11.802516365121223,0,1,0
51,1,1,0,0,0,360.0,1,1,6.906890595608519,11.591522346570734,0,1,0
52,1,1,0,0,0,360.0,1,0,6.807354922057604,12.046441948007311,0,1,0
53,0,0,2,0,0,360.0,1,0,7.066089190457772,12.172427508645482,0,0,1
54,1,0,1,0,1,360.0,0,0,8.159871336778389,13.4893462407191,0,0,1
55,0,0,2,0,0,360.0,1,1,6.599912842187128,11.919980595048962,0,1,0
56,0,0,0,0,0,360.0,1,1,6.584962500721156,11.862249900851513,0,1,0
57,0,0,0,0,0,360.0,1,0,7.076815597050831,12.442425193331607,1,0,0
58,0,0,1,0,0,360.0,1,1,7.491853096329675,13.334552633752422,0,0,1
59,0,0,2,1,0,360.0,1,1,7.169925001442312,12.60177078840771,0,0,1
60,0,0,0,0,0,360.0,1,1,6.906890595608519,12.620219825507487,0,0,1
61,0,0,3,0,0,360.0,1,1,6.6293566200796095,11.564625862795372,0,0,1
62,0,0,0,1,1,180.0,0,0,7.366322214245816,12.564625862795372,1,0,0
63,0,0,1,0,0,360.0,0,0,7.007810628047801,12.271754805646474,1,0,0
64,1,1,0,0,0,360.0,0,0,6.857980995127572,12.024447124040647,0,1,0
65,0,0,0,0,0,360.0,1,0,8.011227255423254,13.333295139569085,0,1,0
66,0,1,0,1,0,180.0,0,0,6.977279923499917,12.413098984915264,0,0,1
67,0,0,1,0,0,360.0,1,1,8.285402218862249,13.392049039364185,0,0,1
68,0,0,3,1,1,60.0,1,1,6.965784284662087,12.793603309279407,0,0,1
69,1,1,0,0,0,360.0,0,0,7.087462841250339,12.070120944476823,0,1,0
70,0,0,0,0,0,360.0,1,1,7.426264754702098,12.615169813843602,0,0,1
71,0,0,2,1,1,360.0,1,1,6.599912842187128,11.872674880270605,0,1,0
72,0,1,0,0,0,300.0,1,1,6.339850002884624,11.77313920671969,0,1,0
73,0,0,3,1,0,360.0,0,0,6.569855608330948,12.215229625747925,0,1,0
74,0,0,3,0,1,360.0,1,1,7.546894459887636,12.78135971352466,0,1,0
75,0,1,0,0,0,480.0,1,0,6.820178962415188,11.872674880270605,0,0,1
76,0,1,0,0,0,360.0,1,0,7.459431618637297,13.053247125912426,0,0,1
77,0,0,1,0,1,360.0,1,0,6.78135971352466,11.973697366305352,0,0,1
78,0,0,3,0,0,300.0,0,0,7.491853096329675,12.80715363917749,0,1,0
80,1,1,0,0,0,360.0,1,1,6.794415866350106,11.909143047339898,0,1,0
81,0,0,1,0,1,360.0,1,1,7.007810628047801,11.225809940623543,0,1,0
82,1,0,2,0,0,360.0,1,0,7.383704292474052,11.670213636738564,0,0,1
84,0,0,1,0,0,240.0,1,1,5.643856189774724,11.961449694398196,0,0,1
85,0,1,0,0,0,360.0,1,1,7.087462841250339,12.257682480708766,0,1,0
87,0,0,0,0,0,360.0,1,1,6.700439718141092,12.173052457774116,0,1,0
88,0,1,0,0,0,360.0,1,1,7.714245517666122,13.064405961891042,0,0,1
89,0,0,0,0,0,360.0,1,1,7.451211111832329,13.267664537501119,0,1,0
90,0,0,0,0,0,360.0,1,1,7.03342300153745,12.516192477879367,0,1,0
91,0,0,2,0,0,180.0,1,1,7.554588851677638,13.539158811108031,0,1,0
92,0,0,2,1,0,360.0,1,1,6.339850002884624,12.314300001897534,0,0,1
93,0,1,0,0,0,360.0,1,1,6.930737337562887,12.01297364837454,0,1,0
94,0,1,0,1,0,120.0,1,1,4.643856189774724,11.821773981970567,0,1,0
96,1,0,0,0,0,360.0,1,1,7.098032082960526,12.2246046815385,0,1,0
97,0,0,0,0,0,360.0,1,1,5.643856189774724,11.53818893205242,0,1,0
98,0,0,0,1,0,180.0,1,1,6.845490050944375,12.032045726930809,0,1,0
99,0,0,0,0,0,360.0,1,1,7.03342300153745,12.371776644337924,0,1,0
100,0,0,2,1,0,180.0,1,1,7.05528243550119,12.882452001882136,0,0,1
101,0,1,0,0,0,360.0,1,1,7.2384047393250786,13.078317622216062,0,1,0
102,0,0,0,0,0,360.0,1,1,7.007810628047801,13.736613330694578,0,0,1
103,0,0,0,0,0,360.0,1,1,7.007810628047801,13.007552934613717,0,1,0
105,0,0,1,0,0,360.0,1,1,6.643856189774724,11.995060467032719,0,0,1
106,0,0,2,0,0,360.0,1,1,7.813781191217037,13.614594828765293,0,0,1
108,0,0,2,0,0,360.0,0,0,7.754887502163468,12.853309555403674,0,0,1
109,0,0,3,1,0,480.0,1,1,6.554588851677638,11.464035152189913,0,1,0
110,0,1,0,0,0,360.0,1,1,7.087462841250339,12.376125389276174,0,0,1
112,0,0,0,1,0,360.0,0,0,7.247927513443585,12.908017261062803,1,0,0
113,1,1,1,0,1,360.0,1,1,7.007810628047801,12.86321834758244,0,1,0
115,0,0,1,0,0,180.0,1,1,7.531381460516312,13.831999919509737,1,0,0
116,1,0,0,0,0,360.0,1,1,7.266786540694901,12.41204051455165,0,1,0
118,0,0,0,0,0,360.0,1,0,7.451211111832329,12.912515144802397,1,0,0
119,1,1,0,0,0,360.0,1,1,8.016808287686555,13.345405246717796,0,0,1
120,0,0,0,0,0,360.0,1,1,7.491853096329675,13.024793384702548,1,0,0
121,1,1,0,0,0,360.0,1,1,5.459431618637297,12.024447124040647,0,1,0
122,1,1,0,0,0,360.0,0,1,7.098032082960526,13.440479898811219,0,1,0
123,0,0,2,0,0,360.0,1,1,6.339850002884624,11.529918528120325,0,1,0
124,0,0,0,1,0,360.0,1,1,7.599912842187128,12.624338545312986,1,0,0
126,1,0,3,0,0,360.0,1,1,8.531381460516313,14.53885579393843,1,0,0
127,0,1,0,0,0,360.0,1,1,7.007810628047801,12.426526848451731,1,0,0
128,0,0,1,0,1,180.0,0,0,7.321928094887363,13.810069495917071,0,0,1
131,0,1,0,0,0,360.0,1,1,6.20945336562895,11.945077995107816,0,0,1
132,0,1,0,0,0,360.0,1,1,6.129283016944966,11.40832974076739,0,1,0
133,0,0,0,0,1,120.0,1,1,4.643856189774724,11.756139298372927,0,1,0
134,0,1,0,0,0,360.0,1,1,6.672425341971495,12.257093144491057,0,1,0
135,0,0,3,0,0,360.0,1,0,8.179909090014934,13.520373136339725,0,1,0
136,1,0,0,0,0,360.0,1,0,6.392317422778761,12.162076570374312,1,0,0
137,0,0,2,0,1,360.0,1,1,6.459431618637297,12.734709620225837,0,0,1
138,0,1,0,0,0,360.0,0,0,7.918863237274595,13.872578697395081,0,1,0
139,0,0,2,1,0,360.0,1,0,7.011227255423254,12.458919206967591,1,0,0
140,0,0,2,0,0,360.0,1,0,7.531381460516312,12.798674298826828,1,0,0
141,0,1,0,0,0,360.0,1,1,7.392317422778761,12.403278375471052,0,0,1
142,0,1,0,0,1,180.0,1,1,7.451211111832329,12.762797262498232,0,1,0
143,0,0,0,0,0,360.0,1,1,6.930737337562887,12.208234358339789,0,1,0
144,0,0,2,0,0,180.0,1,1,7.546894459887636,13.521232358323365,0,0,1
145,1,0,0,0,0,360.0,1,1,6.643856189774724,12.734709620225837,0,1,0
146,1,0,2,0,0,360.0,1,1,6.129283016944966,13.85972889267839,0,0,1
147,0,0,1,0,0,360.0,1,1,4.906890595608519,11.532842910961282,0,0,1
148,1,1,0,0,0,360.0,1,0,7.813781191217037,13.510022358813766,1,0,0
149,0,0,0,0,0,360.0,1,1,6.965784284662087,12.474212937193943,0,1,0
150,0,1,0,0,0,360.0,0,0,6.882643049361842,12.61585949358308,1,0,0
151,0,0,0,0,1,360.0,1,1,7.247927513443585,12.627305880514848,1,0,0
152,0,1,0,0,0,360.0,1,0,7.930737337562887,13.162076570374312,0,0,1
153,0,0,2,1,0,360.0,1,0,6.820178962415188,11.155450731312138,1,0,0
154,0,1,0,0,0,360.0,1,1,5.643856189774724,11.667998535672528,0,0,1
155,0,0,3,0,0,180.0,0,1,9.228818690495881,15.287676311722578,0,1,0
157,0,0,1,0,0,360.0,1,1,7.546894459887636,13.219471067394357,0,0,1
159,0,0,0,0,0,360.0,1,1,7.994353436858858,13.31741261376487,0,1,0
160,0,0,0,1,0,360.0,1,1,6.614709844115208,11.50382573799575,0,1,0
161,0,0,0,0,0,360.0,1,0,8.103287808412022,12.953650833649307,0,0,1
162,0,0,1,0,0,360.0,0,0,6.918863237274595,12.093087390444218,0,1,0
163,0,0,2,0,0,360.0,1,1,7.303780748177103,12.454813348512525,1,0,0
164,0,0,0,0,0,180.0,1,1,6.22881869049588,13.186578551633048,0,0,1
165,0,0,0,0,0,360.0,1,1,7.507794640198696,12.746724244025831,1,0,0
166,1,0,0,0,0,360.0,1,0,6.807354922057604,12.162076570374312,1,0,0
167,0,0,0,0,0,360.0,1,1,7.011227255423254,12.494855584491198,1,0,0
168,0,1,0,0,0,480.0,0,0,5.977279923499917,11.127349541059118,0,1,0
169,0,0,2,0,0,360.0,1,1,7.643856189774724,12.965784284662087,0,1,0
171,1,0,3,0,0,300.0,1,1,9.451211111832329,15.659633612793703,0,0,1
172,0,0,3,1,0,180.0,1,0,6.339850002884624,11.782179193831208,1,0,0
173,0,0,0,0,0,360.0,1,1,7.546894459887636,13.46824219236017,0,1,0
174,0,0,0,1,1,360.0,1,0,6.442943495848728,12.310612781659529,0,1,0
175,0,0,0,0,0,360.0,1,1,6.857980995127572,12.414949441474263,1,0,0
176,0,0,2,0,0,360.0,1,1,6.658211482751795,11.839203788096944,1,0,0
177,0,0,3,0,0,360.0,0,0,8.951284714966972,14.037546953962178,0,1,0
178,0,0,1,0,0,360.0,1,1,6.857980995127572,11.872674880270605,0,1,0
179,0,1,0,1,0,480.0,0,0,6.672425341971495,11.885696373339394,0,0,1
180,0,0,1,0,0,360.0,0,0,7.491853096329675,13.736613330694578,0,0,1
182,0,0,0,0,0,180.0,1,1,6.189824558880018,12.167418145831737,0,1,0
183,0,0,1,0,0,360.0,1,0,8.022367813028454,15.04669772232602,0,1,0
184,1,0,0,0,0,360.0,1,1,6.754887502163468,11.82376527978966,0,1,0
185,0,0,0,0,1,360.0,1,1,6.906890595608519,15.421834726302933,0,1,0
186,0,0,1,0,1,300.0,0,0,6.044394119358453,11.088788238716907,1,0,0
188,1,0,0,0,1,360.0,1,1,7.392317422778761,12.543515216152167,1,0,0
189,0,0,0,0,0,180.0,1,1,7.554588851677638,13.187352073200497,1,0,0
190,0,1,0,1,0,360.0,1,1,5.584962500721156,12.254142846855748,1,0,0
191,0,1,0,0,0,360.0,1,0,7.357552004618084,13.550746785383243,0,1,0
192,0,0,0,1,0,360.0,1,0,7.321928094887363,12.558659867026508,0,0,1
193,0,1,0,0,0,360.0,1,1,6.247927513443585,11.913637428049103,0,1,0
194,0,1,0,0,0,360.0,1,1,6.906890595608519,12.03307880613062,1,0,0
195,0,0,1,0,0,360.0,1,0,7.409390936137702,12.478769619475763,0,1,0
196,0,1,0,0,0,360.0,1,1,7.546894459887636,13.560691074923025,1,0,0
197,1,1,0,1,0,360.0,1,1,6.906890595608519,12.060695931687555,0,0,1
199,0,1,0,0,1,360.0,1,0,6.3750394313469245,13.425215903299383,0,0,1
200,0,0,1,1,0,360.0,1,1,6.491853096329675,12.31628153174622,0,1,0
201,0,1,2,0,0,360.0,0,1,7.3750394313469245,12.26532202423487,0,1,0
202,0,0,3,1,0,180.0,1,0,7.007810628047801,11.96289600533726,0,0,1
203,0,0,1,1,0,360.0,1,1,7.076815597050831,12.162076570374312,0,0,1
204,0,0,2,1,0,360.0,1,1,6.954196310386875,11.935533412950747,0,1,0
205,1,1,0,1,0,360.0,1,1,6.906890595608519,12.105908508571158,0,1,0
206,1,1,0,0,0,360.0,1,1,6.321928094887363,11.663558104217273,0,0,1
207,0,1,0,1,0,360.0,1,1,5.78135971352466,12.667555107041132,1,0,0
208,0,1,0,0,0,360.0,1,1,5.882643049361842,11.275542556086723,0,0,1
209,0,1,0,0,0,360.0,1,0,6.9886846867721655,11.73893668167614,0,1,0
210,1,1,0,0,0,360.0,1,0,7.741466986401147,13.287712379549449,0,1,0
211,0,0,3,0,0,360.0,0,0,7.0,12.192292814470767,0,1,0
212,0,0,1,0,1,360.0,1,1,7.906890595608519,12.926851910929878,0,0,1
213,0,0,3,1,1,360.0,1,1,7.022367813028454,12.477505317369708,1,0,0
214,0,0,0,0,0,360.0,1,1,7.098032082960526,12.596655667674662,0,0,1
215,0,0,3,1,0,360.0,1,1,6.643856189774724,12.238703279427725,0,1,0
216,0,0,0,0,0,360.0,1,0,7.076815597050831,10.929258408636972,1,0,0
217,0,0,0,0,0,360.0,1,1,7.03342300153745,12.42574042431621,0,1,0
220,0,0,0,0,0,360.0,0,0,5.906890595608519,11.116993677546981,0,0,1
221,0,0,2,0,0,360.0,1,1,6.857980995127572,12.483311954999353,0,1,0
222,0,1,0,0,0,360.0,1,1,7.169925001442312,12.49235394515987,0,1,0
223,0,0,0,0,0,360.0,1,1,7.451211111832329,13.068106475858773,0,1,0
224,0,0,0,0,0,360.0,1,1,7.0,12.609640474436812,0,1,0
225,0,0,0,0,0,360.0,1,0,7.409390936137702,11.66622400280318,1,0,0
226,0,0,0,1,1,360.0,1,0,7.108524456778169,12.209148710355747,0,0,1
227,0,0,2,0,0,360.0,1,1,7.714245517666122,12.955831504235881,0,1,0
229,0,1,0,0,1,360.0,1,1,7.643856189774724,12.643856189774725,1,0,0
230,0,0,1,0,0,360.0,1,1,6.700439718141092,12.15006457908147,0,1,0
232,0,1,0,1,0,360.0,1,1,6.906890595608519,12.49859992877026,1,0,0
233,1,1,0,0,0,360.0,1,1,8.129283016944967,13.024620264759832,0,1,0
234,0,0,1,0,0,360.0,1,1,7.129283016944966,12.268542000300123,0,1,0
235,0,0,1,0,0,360.0,1,1,7.409390936137702,12.722807531169547,1,0,0
238,1,1,1,0,0,360.0,1,1,6.807354922057604,11.896332403909941,1,0,0
239,0,0,1,0,0,360.0,1,1,6.584962500721156,11.69479315499995,0,1,0
240,0,0,2,0,0,360.0,1,1,6.906890595608519,13.401279536596528,1,0,0
241,0,0,1,1,0,180.0,1,0,7.129283016944966,12.133463346523438,0,0,1
242,0,1,0,0,0,60.0,1,1,7.2761244052742375,13.08115052127187,0,0,1
243,0,0,2,0,1,360.0,1,1,6.754887502163468,12.882260929099804,1,0,0
244,0,0,0,1,0,360.0,1,1,6.94251450533924,12.933506249629444,0,1,0
245,0,1,0,0,1,180.0,1,0,6.906890595608519,13.341935726886604,0,0,1
246,0,0,2,0,0,360.0,1,1,6.807354922057604,13.244215157319493,0,0,1
247,0,0,1,1,0,180.0,1,1,7.098032082960526,12.689997971419446,0,0,1
248,0,0,1,0,0,480.0,1,1,6.94251450533924,12.206098613995797,0,1,0
249,0,0,0,0,0,360.0,1,1,6.491853096329675,11.844313461203296,0,0,1
250,0,0,0,1,0,360.0,0,0,7.651051691178929,12.440350119200563,0,1,0
251,1,1,2,0,0,360.0,1,0,7.108524456778169,11.742730476519174,0,0,1
252,0,1,0,1,1,360.0,1,1,6.700439718141092,12.213711798105672,1,0,0
253,0,0,1,1,0,180.0,1,1,8.124121311829187,13.252961036393684,0,1,0
254,0,1,0,0,1,360.0,0,0,7.584962500721156,13.988152097690541,0,0,1
255,1,1,3,0,0,360.0,1,1,7.994353436858858,11.590119174107175,1,0,0
256,0,1,0,1,0,360.0,0,0,6.845490050944375,12.561526624136485,1,0,0
257,0,0,3,0,0,360.0,1,0,6.554588851677638,12.358101707440847,0,0,1
258,0,0,0,0,0,360.0,1,0,8.247927513443585,14.034713003448283,1,0,0
261,0,1,0,0,0,360.0,1,1,7.066089190457772,12.059682447247638,0,1,0
262,1,1,1,0,0,36.0,1,0,7.2761244052742375,11.765286098723683,0,1,0
263,1,1,0,0,0,360.0,1,1,6.906890595608519,12.813781191217037,1,0,0
264,0,1,0,0,1,360.0,1,1,7.0,12.334831928118,0,1,0
265,0,1,0,0,0,360.0,1,1,7.2384047393250786,12.880731435141664,1,0,0
266,0,0,2,0,0,360.0,1,1,7.22881869049588,12.573410505507574,0,1,0
267,0,0,3,0,0,360.0,0,1,7.321928094887363,12.584962500721156,0,0,1
269,1,1,1,0,0,360.0,1,1,6.491853096329675,12.11504365016171,0,0,1
270,1,1,0,0,0,360.0,1,1,4.906890595608519,11.660441650209172,0,0,1
271,0,0,0,0,0,360.0,1,1,7.087462841250339,13.444238438078106,0,0,1
272,0,1,0,0,0,360.0,1,1,6.977279923499917,12.19537220740274,1,0,0
273,0,0,0,0,0,360.0,1,1,7.22881869049588,12.241685287601625,0,1,0
274,0,0,2,0,0,360.0,1,1,6.491853096329675,11.929258408636972,0,1,0
275,0,0,1,0,0,360.0,1,1,6.845490050944375,12.164906926675688,0,1,0
276,0,0,0,0,0,360.0,1,1,7.693486957499325,12.827144190984281,0,1,0
277,0,0,0,0,0,360.0,1,1,6.321928094887363,12.104271128936894,0,0,1
278,0,0,0,0,0,360.0,1,1,8.768184324776927,13.831999919509737,0,1,0
280,0,1,1,1,1,360.0,0,0,7.303780748177103,12.661555442467758,0,0,1
281,0,0,0,0,0,360.0,1,1,6.807354922057604,12.20670914935865,0,1,0
282,0,0,2,0,0,180.0,1,1,6.285402218862249,11.682467951184153,0,0,1
283,1,1,0,0,0,360.0,1,1,5.754887502163468,11.763627351727628,0,0,1
284,0,0,0,0,0,360.0,1,0,7.007810628047801,14.335041363415005,1,0,0
285,0,1,0,0,0,360.0,1,1,6.475733430966398,12.600609852446706,1,0,0
286,1,1,0,0,1,300.0,1,0,6.6293566200796095,12.075813377461454,0,1,0
287,0,0,0,0,0,360.0,1,1,6.906890595608519,12.477758266443889,1,0,0
288,1,1,0,0,0,360.0,1,1,6.845490050944375,12.00982861736811,0,1,0
289,0,1,0,0,0,360.0,1,1,7.546894459887636,13.214926187942435,1,0,0
290,0,0,0,0,0,360.0,1,1,7.118941072723508,12.422853195944265,1,0,0
291,0,0,2,0,0,360.0,0,0,6.9886846867721655,12.103287808412022,0,1,0
292,0,0,2,0,0,360.0,1,1,7.066089190457772,12.202429966015352,0,0,1
293,1,1,0,0,0,480.0,0,0,7.159871336778389,12.403278375471052,0,0,1
294,0,0,0,0,0,360.0,1,1,7.426264754702098,12.481042574933754,0,1,0
296,0,0,1,0,0,360.0,1,1,7.643856189774724,12.747143998186747,0,1,0
297,1,0,1,0,0,360.0,1,1,7.076815597050831,12.187970591984199,0,0,1
298,1,1,0,0,0,480.0,1,0,7.2384047393250786,12.880540134333733,1,0,0
299,0,0,1,0,0,360.0,1,0,6.820178962415188,12.270003253378444,0,0,1
300,0,0,0,1,0,360.0,0,0,6.539158811108031,12.208843990734614,0,0,1
301,0,0,0,1,0,360.0,1,1,6.714245517666122,12.175237650291036,0,1,0
302,1,1,0,0,0,360.0,1,1,7.044394119358453,12.287712379549449,1,0,0
303,0,0,1,0,0,360.0,1,1,6.584962500721156,11.7431513941125,0,0,1
304,0,1,0,0,0,360.0,1,1,7.129283016944966,12.66622400280318,1,0,0
305,0,1,0,1,0,360.0,1,0,7.007810628047801,10.965784284662087,0,0,1
306,1,1,0,0,0,360.0,1,1,7.076815597050831,12.406205005418855,1,0,0
307,1,1,0,0,0,360.0,0,0,6.700439718141092,12.057653339963936,0,0,1
308,0,1,0,0,0,360.0,1,0,8.906890595608518,14.304422627485119,1,0,0
310,1,1,0,0,0,360.0,1,1,6.392317422778761,11.510269670898177,0,1,0
311,0,1,0,1,0,360.0,1,1,6.794415866350106,12.380461065088973,0,1,0
312,1,1,0,0,0,360.0,1,1,5.807354922057604,11.291746280833939,1,0,0
314,1,0,0,0,0,360.0,1,0,7.312882955284356,12.075479149488016,1,0,0
315,0,0,1,1,0,180.0,1,1,6.794415866350106,12.298921740969753,0,0,1
316,0,0,2,0,0,360.0,1,1,6.906890595608519,11.859922972861758,0,1,0
319,0,0,1,0,1,360.0,1,0,7.2761244052742375,13.287712379549449,1,0,0
320,0,0,0,0,0,360.0,1,1,6.845490050944375,12.157031074378354,0,1,0
321,0,0,3,0,0,360.0,1,1,6.954196310386875,12.14561377551339,0,1,0
322,0,0,2,1,0,360.0,1,1,7.007810628047801,12.34179677239183,1,0,0
324,0,0,3,0,0,360.0,1,1,8.228818690495881,13.872674880270605,1,0,0
325,0,0,1,0,1,360.0,0,0,8.554588851677638,13.736507634878501,1,0,0
326,0,1,0,0,0,360.0,0,1,7.022367813028454,12.263562639820615,1,0,0
327,0,0,0,0,1,360.0,1,1,7.523561956057013,12.961811408087163,0,1,0
328,1,0,0,0,0,360.0,1,0,6.78135971352466,12.727920454563199,0,0,1
329,1,1,0,0,0,360.0,1,1,6.066089190457772,11.287712379549449,0,0,1
330,0,1,1,0,0,360.0,1,1,6.870364719583405,12.59269061535341,0,0,1
331,0,1,0,0,0,360.0,1,1,6.614709844115208,11.519144787997414,0,1,0
332,0,1,0,0,0,360.0,1,1,6.149747119504682,11.468114886378098,0,0,1
334,1,0,1,0,1,180.0,1,1,7.507794640198696,13.510022358813766,0,0,1
335,0,0,0,0,1,360.0,1,1,6.129283016944966,13.286702139395507,0,1,0
337,0,0,2,0,1,360.0,1,1,7.459431618637297,12.793603309279407,1,0,0
338,1,1,3,1,0,360.0,0,0,7.007810628047801,10.837627933171404,0,0,1
339,1,1,0,0,0,360.0,1,1,6.149747119504682,12.022367813028454,0,1,0
340,0,0,3,1,0,360.0,1,0,7.434628227636725,12.047805554007589,1,0,0
341,1,1,0,0,0,360.0,1,0,5.523561956057013,11.215532999745657,1,0,0
342,0,0,1,1,0,360.0,1,1,7.303780748177103,12.49760238678349,0,0,1
343,0,0,3,1,0,360.0,1,1,6.20945336562895,11.631631805917637,0,1,0
345,0,0,0,0,0,360.0,1,1,7.321928094887363,12.275251543470327,0,1,0
346,0,0,0,1,0,360.0,0,0,7.247927513443585,12.721312842175312,1,0,0
347,0,0,2,1,0,360.0,1,1,6.977279923499917,12.35837648032824,0,0,1
349,0,0,0,0,0,360.0,1,1,7.546894459887636,13.115531404166768,1,0,0
350,0,0,0,0,0,360.0,1,1,7.832890014164741,13.148953164809123,0,1,0
351,0,1,0,0,0,360.0,1,0,8.266786540694902,13.656983419574544,1,0,0
352,0,0,3,0,0,360.0,1,1,6.569855608330948,12.213408040858337,1,0,0
353,1,0,0,0,1,360.0,0,0,6.714245517666122,12.425215903299383,1,0,0
354,1,0,0,0,0,360.0,1,1,7.022367813028454,11.515699838284043,0,1,0
355,1,1,0,0,0,180.0,1,1,6.857980995127572,11.896710815726115,0,0,1
356,0,0,2,0,0,360.0,1,1,7.366322214245816,13.4893462407191,1,0,0
357,0,0,1,0,0,360.0,1,0,6.066089190457772,11.919980595048962,0,0,1
358,0,0,0,1,0,480.0,0,0,6.643856189774724,12.187970591984199,0,0,1
359,0,0,3,0,0,360.0,1,1,7.643856189774724,13.024793384702548,0,1,0
360,1,1,1,0,0,360.0,1,0,6.339850002884624,12.205487820150566,0,1,0
361,0,0,2,0,0,360.0,1,1,7.882643049361842,13.08131698928577,0,1,0
362,0,0,0,0,0,360.0,1,1,7.022367813028454,12.790144826949799,0,0,1
364,0,1,0,0,1,360.0,1,1,7.139551352398794,12.735979039613404,1,0,0
365,0,1,0,1,0,360.0,1,0,7.05528243550119,12.60177078840771,1,0,0
366,0,1,0,0,0,480.0,1,0,6.584962500721156,11.287712379549449,0,1,0
367,0,1,0,0,0,360.0,0,0,6.954196310386875,12.323054760341646,1,0,0
368,0,0,1,0,0,360.0,1,1,7.451211111832329,12.626849764469036,0,1,0
369,0,0,0,0,0,360.0,1,0,9.154818109052105,14.609409624761803,1,0,0
370,1,1,0,0,1,360.0,1,1,5.78135971352466,13.94388836987587,0,1,0
371,0,0,2,0,0,360.0,1,1,7.2761244052742375,12.340128273700588,0,1,0
372,0,0,2,0,1,300.0,1,1,8.569855608330949,14.069785394983302,1,0,0
373,0,1,1,0,0,180.0,0,0,6.794415866350106,12.301781962051106,0,0,1
375,0,0,0,0,0,180.0,1,1,6.906890595608519,12.486835021563051,0,0,1
376,0,0,3,0,0,360.0,1,1,7.022367813028454,13.746724244025831,1,0,0
378,0,1,0,0,0,480.0,1,0,6.149747119504682,11.583552930466485,0,0,1
379,0,0,2,0,0,360.0,1,1,7.022367813028454,12.396337194231098,0,0,1
381,0,1,0,0,0,360.0,1,1,8.20945336562895,13.312457569746588,0,1,0
382,1,1,0,0,0,360.0,1,1,7.285402218862249,12.550746785383243,0,0,1
383,0,1,0,0,1,360.0,1,1,7.0,12.80715363917749,0,0,1
384,0,0,2,0,0,360.0,1,0,6.643856189774724,12.156715144224702,0,0,1
386,0,1,0,1,0,360.0,1,1,7.044394119358453,11.946175240723559,0,1,0
387,0,0,0,1,0,360.0,0,0,7.007810628047801,12.585432051592962,0,0,1
388,0,0,0,0,0,360.0,1,1,7.087462841250339,12.213711798105672,0,0,1
389,0,0,0,0,0,360.0,1,1,6.965784284662087,12.422064766172813,1,0,0
390,0,1,3,0,0,360.0,1,1,7.531381460516312,13.162233958149615,1,0,0
391,0,0,3,0,0,360.0,1,1,8.103287808412022,13.214319120800766,1,0,0
393,0,0,2,1,0,180.0,1,1,6.820178962415188,11.82097669262124,0,1,0
394,0,0,2,0,0,360.0,1,1,6.820178962415188,12.1357092861044,0,0,1
396,1,1,0,0,0,360.0,0,0,6.149747119504682,11.634811050171718,0,0,1
397,0,0,0,0,0,360.0,1,1,6.569855608330948,12.133142212400601,0,0,1
398,0,1,0,1,0,360.0,1,1,6.768184324776926,12.442943495848729,1,0,0
399,1,1,0,0,0,360.0,0,0,6.6865005271832185,11.688250309133178,0,1,0
400,0,0,2,1,0,180.0,0,0,5.491853096329675,11.496354488564615,0,0,1
401,0,1,0,1,0,300.0,1,0,6.022367813028454,11.42783660345852,1,0,0
402,0,1,0,0,0,360.0,1,1,6.6865005271832185,14.45763738099176,0,1,0
403,1,1,0,1,0,360.0,1,1,5.727920454563199,10.938844457466171,0,1,0
404,1,1,0,0,1,360.0,1,0,7.599912842187128,12.86128080358871,1,0,0
405,1,1,0,0,0,360.0,1,1,6.845490050944375,12.15069928874454,0,1,0
406,0,0,0,1,0,360.0,1,1,6.845490050944375,12.157031074378354,0,0,1
407,1,1,0,1,0,360.0,1,1,6.044394119358453,11.11178773580101,1,0,0
408,0,0,1,0,0,300.0,0,0,7.247927513443585,13.018895621121649,0,1,0
409,0,0,3,0,0,360.0,0,0,8.491853096329674,16.305634287546713,1,0,0
410,1,1,1,1,1,360.0,1,0,5.954196310386875,11.916999049082808,0,1,0
412,0,0,0,1,0,360.0,0,0,7.768184324776926,12.573647187493322,1,0,0
413,0,0,0,1,0,360.0,1,1,6.78135971352466,12.065416134676548,1,0,0
414,1,0,0,1,0,360.0,0,0,7.475733430966398,12.394998514501673,0,1,0
415,1,1,0,0,0,360.0,1,1,5.906890595608519,11.548340287676147,0,0,1
416,1,1,1,0,0,360.0,1,0,7.321928094887363,11.344295907915816,0,0,1
417,0,0,2,0,1,360.0,1,0,7.900866807980749,14.398743691938193,0,0,1
418,0,0,0,0,0,360.0,1,1,6.807354922057604,11.891024190149498,1,0,0
419,0,0,0,0,0,360.0,1,1,7.108524456778169,12.187042714339894,0,1,0
420,0,0,0,0,0,360.0,1,1,7.108524456778169,12.509032686306501,1,0,0
421,1,1,0,1,0,360.0,0,0,6.321928094887363,11.409390936137703,0,0,1
422,0,0,0,0,0,360.0,1,1,6.643856189774724,11.789126046425231,0,0,1
423,0,0,1,0,0,360.0,0,0,6.78135971352466,13.122342701858912,0,0,1
424,0,0,0,0,0,360.0,1,1,6.584962500721156,13.861086905995395,0,1,0
425,0,0,0,0,0,360.0,1,1,6.918863237274595,12.766114757586722,1,0,0
426,1,1,1,1,0,360.0,1,0,6.339850002884624,12.169298695792845,1,0,0
427,0,0,2,0,0,360.0,1,1,7.05528243550119,12.53503231452927,0,1,0
428,0,0,0,0,0,360.0,1,1,6.442943495848728,11.519695217788334,1,0,0
429,0,1,0,1,0,180.0,1,1,5.906890595608519,11.407798850221974,0,0,1
430,1,1,1,0,1,360.0,1,1,7.22881869049588,13.074141462752506,0,1,0
431,0,1,0,0,0,360.0,0,0,6.714245517666122,12.66622400280318,1,0,0
433,0,0,0,0,0,360.0,1,1,7.159871336778389,12.218260498797305,0,1,0
434,0,1,0,0,0,360.0,1,1,6.643856189774724,11.872674880270605,0,0,1
436,0,1,0,0,0,360.0,1,1,5.643856189774724,11.883025068440173,0,1,0
437,0,0,0,0,0,360.0,1,1,7.007810628047801,11.704768239362599,0,0,1
438,0,1,0,0,1,360.0,0,0,7.546894459887636,13.346513733165635,0,0,1
439,1,0,0,1,1,360.0,1,1,7.108524456778169,12.802112418586066,1,0,0
440,0,1,0,0,0,360.0,1,1,7.546894459887636,13.09077405464075,0,1,0
441,0,0,0,0,0,360.0,1,1,7.491853096329675,13.248817059278503,1,0,0
442,0,1,3,1,0,360.0,1,1,7.20945336562895,12.709945380232497,0,1,0
443,0,1,1,0,0,360.0,1,1,7.247927513443585,15.203003807572932,0,1,0
445,0,0,1,0,1,360.0,1,1,7.022367813028454,12.191059214531656,1,0,0
446,0,0,2,1,0,360.0,1,1,6.78135971352466,12.183635381473218,1,0,0
448,0,0,2,0,0,360.0,0,0,7.22881869049588,12.302067672526519,1,0,0
450,0,0,2,1,0,360.0,0,0,6.965784284662087,11.799281621521923,1,0,0
452,0,0,0,0,0,360.0,0,0,7.219168520462161,12.47192918764169,1,0,0
453,0,0,0,0,0,180.0,0,1,6.491853096329675,12.272921326867003,1,0,0
454,0,1,0,0,1,360.0,1,1,6.392317422778761,12.790552137805381,0,1,0
455,0,0,2,0,0,360.0,1,1,6.584962500721156,11.914011328541255,0,1,0
456,0,0,0,0,0,360.0,1,1,6.882643049361842,12.07045641594465,0,0,1
457,0,0,0,0,0,360.0,1,0,7.434628227636725,12.61585949358308,0,0,1
458,0,1,2,0,0,360.0,1,1,7.087462841250339,12.088125692188207,1,0,0
459,0,0,0,0,0,360.0,1,0,7.321928094887363,13.024793384702548,0,1,0
461,0,0,3,0,0,180.0,1,1,7.0,12.918117851031772,0,0,1
462,0,0,0,0,0,360.0,1,1,7.257387842692652,12.345127991976693,1,0,0
464,0,1,0,0,0,360.0,0,0,6.614709844115208,12.024447124040647,0,1,0
465,0,1,0,0,0,360.0,1,1,7.129283016944966,12.550746785383243,1,0,0
466,0,0,3,1,0,180.0,0,0,6.129283016944966,12.170863950411928,0,0,1
467,1,0,0,0,0,360.0,1,1,6.78135971352466,14.026869205263395,0,1,0
469,0,0,0,0,0,360.0,1,0,6.78135971352466,12.727920454563199,0,0,1
470,0,0,1,0,1,360.0,1,1,7.339850002884624,12.43280285635187,0,1,0
471,0,0,1,1,0,180.0,0,0,6.820178962415188,12.019938156424795,1,0,0
472,0,0,3,0,0,360.0,1,1,6.643856189774724,12.195679785495981,0,1,0
474,0,1,2,0,0,360.0,1,1,7.339850002884624,13.313449940963057,1,0,0
475,0,0,2,0,1,360.0,1,1,7.22881869049588,14.098278873274609,1,0,0
476,0,0,2,0,0,300.0,1,1,7.845490050944375,13.044735626056909,0,1,0
477,1,0,2,0,0,360.0,0,0,7.044394119358453,12.212192371908472,0,1,0
478,0,0,1,0,1,360.0,1,1,6.426264754702098,14.207395692946912,0,1,0
479,0,0,2,0,0,360.0,1,0,7.007810628047801,12.151650829973422,0,0,1
480,1,1,0,1,0,360.0,1,1,7.266786540694901,12.086799685623452,1,0,0
481,0,0,3,1,0,360.0,1,1,6.820178962415188,11.595723694101627,1,0,0
482,0,0,0,0,0,360.0,1,1,7.0,12.353422543614714,0,1,0
483,0,0,0,0,0,360.0,1,1,7.870364719583405,13.403145205669796,0,1,0
484,0,0,2,0,0,360.0,1,1,7.94251450533924,13.024620264759832,0,1,0
485,0,0,1,1,0,360.0,1,1,7.03342300153745,12.101319154423276,1,0,0
486,0,1,2,0,0,360.0,0,0,6.321928094887363,11.792383614935188,1,0,0
487,0,0,1,0,0,360.0,1,0,8.965784284662087,14.1621552664082,0,0,1
488,0,0,2,0,1,360.0,1,1,7.321928094887363,12.702605602110248,0,1,0
489,0,1,0,0,0,360.0,1,0,6.22881869049588,11.249706056969705,0,0,1
492,0,1,0,1,0,360.0,1,1,6.78135971352466,11.84979602224561,1,0,0
493,1,1,0,1,1,360.0,1,1,7.813781191217037,14.075395580394769,0,1,0
494,0,0,0,0,0,360.0,0,0,6.894817763307944,12.490349505739287,1,0,0
495,1,0,1,0,0,84.0,1,1,6.714245517666122,12.049508251055096,0,1,0
496,0,0,0,1,0,360.0,1,1,6.741466986401147,12.070120944476823,1,0,0
498,0,0,1,0,1,360.0,1,1,6.569855608330948,11.4993476328766,0,1,0
499,0,1,0,0,0,360.0,0,0,7.7073591320808825,13.385188338562719,1,0,0
500,1,1,0,0,0,480.0,1,1,6.820178962415188,12.079484783826816,1,0,0
501,1,1,0,0,0,360.0,1,1,6.643856189774724,11.625252221746873,0,1,0
502,0,0,2,0,0,360.0,1,1,7.700439718141092,13.356589520399757,0,1,0
504,0,0,0,1,0,300.0,1,1,6.954196310386875,12.370959793297386,0,1,0
505,0,0,2,0,0,360.0,1,1,7.924812503605781,12.952377251967985,1,0,0
507,1,1,0,0,0,360.0,1,0,6.584962500721156,11.806952328210736,0,0,1
508,0,0,0,0,1,360.0,1,1,7.554588851677638,12.4231159101471,0,0,1
509,1,1,1,0,0,360.0,1,1,5.321928094887363,13.695010739653238,0,0,1
510,0,1,0,1,0,360.0,1,0,6.643856189774724,12.254142846855748,1,0,0
511,0,0,1,0,0,360.0,1,1,7.965784284662087,12.978174174468169,0,1,0
512,0,0,2,0,0,360.0,1,1,7.20945336562895,12.376668061857668,0,0,1
513,0,0,0,0,0,180.0,1,0,6.129283016944966,13.102631888854969,0,1,0
514,0,1,0,0,0,360.0,1,0,8.280770770130603,13.210823518780845,1,0,0
515,0,0,3,0,0,360.0,1,1,7.22881869049588,12.75112558336727,1,0,0
516,1,0,2,0,0,480.0,1,1,6.820178962415188,11.83880998570856,0,1,0
517,0,0,0,1,0,360.0,0,0,6.94251450533924,12.250890535723341,0,1,0
518,0,1,0,0,0,360.0,1,0,7.531381460516312,12.687813062564931,0,1,0
519,1,1,0,1,0,360.0,1,0,6.569855608330948,11.731319031025064,1,0,0
520,0,0,2,1,0,360.0,1,1,5.491853096329675,11.94178124227853,0,1,0
521,0,1,0,0,0,360.0,1,1,5.78135971352466,11.287712379549449,0,1,0
522,0,0,3,0,1,360.0,1,1,6.643856189774724,12.79380649145577,1,0,0
523,0,0,2,0,1,360.0,1,1,8.906890595608518,13.883597907455398,1,0,0
524,0,1,0,0,0,360.0,1,0,7.007810628047801,12.724300673209568,0,1,0
525,0,0,2,0,1,360.0,1,1,8.643856189774725,14.095067301607054,1,0,0
526,0,0,0,0,0,360.0,1,1,6.78135971352466,11.882260929099804,0,1,0
527,0,0,1,1,0,360.0,0,1,7.330916878114617,12.713171684314805,0,1,0
528,0,1,1,1,0,360.0,1,1,6.554588851677638,11.958915156091349,0,1,0
529,0,1,0,1,0,360.0,1,1,7.022367813028454,12.727707777472686,0,1,0
531,0,0,3,0,0,360.0,1,1,6.643856189774724,12.063732120196919,0,0,1
532,0,1,2,0,0,360.0,0,0,6.78135971352466,11.80896417491926,1,0,0
534,1,1,0,1,1,360.0,1,1,6.965784284662087,14.148873745302847,0,0,1
536,0,0,0,0,0,360.0,1,1,8.339850002884624,13.293327946956358,0,0,1
537,0,1,2,0,0,360.0,1,1,6.741466986401147,11.820577882655774,0,1,0
538,0,0,0,1,0,360.0,1,0,6.044394119358453,11.753634618853386,1,0,0
539,0,0,3,0,0,180.0,1,1,7.294620748891627,12.647683267886201,1,0,0
540,1,0,1,0,0,180.0,1,1,7.129283016944966,12.86360554432145,0,1,0
541,1,1,0,0,0,360.0,0,0,6.6293566200796095,11.06204613772049,0,1,0
543,0,0,1,1,0,360.0,1,1,7.0,12.217654833364023,0,0,1
545,0,0,0,0,0,360.0,1,1,7.2761244052742375,12.203959703239462,1,0,0
546,0,1,0,1,0,36.0,1,0,6.321928094887363,11.71338651493703,0,1,0
547,0,1,0,0,0,360.0,1,1,7.1799090900149345,12.073137383110383,1,0,0
548,1,1,0,0,0,360.0,0,0,6.6865005271832185,12.287712379549449,0,1,0
549,0,0,0,0,0,360.0,1,1,6.78135971352466,12.229119220658594,1,0,0
550,0,0,2,0,1,360.0,0,0,7.007810628047801,12.695445810537382,1,0,0
551,0,0,1,1,0,360.0,1,1,7.007810628047801,12.248817059278503,1,0,0
552,0,0,1,0,0,360.0,1,1,7.303780748177103,12.684529482418487,0,0,1
553,0,0,0,1,0,360.0,0,0,7.499845887083206,12.224906090719767,0,0,1
554,0,0,0,0,0,180.0,0,0,7.044394119358453,12.940130036481444,1,0,0
555,0,0,1,0,0,360.0,1,1,4.700439718141092,12.66622400280318,0,1,0
557,0,0,3,0,1,360.0,1,1,8.022367813028454,13.307627747257134,0,1,0
558,0,0,0,0,0,360.0,1,1,7.339850002884624,12.678600139099458,0,1,0
559,1,0,0,0,0,360.0,1,1,7.507794640198696,12.663113308455806,0,1,0
560,0,0,2,1,0,360.0,1,1,6.754887502163468,11.935533412950747,0,1,0
561,1,0,1,0,1,360.0,1,1,9.228818690495881,14.250002267840449,0,1,0
562,0,0,0,0,0,360.0,1,1,7.721099188707185,12.961630562578824,1,0,0
563,0,1,0,1,1,360.0,1,1,7.044394119358453,12.501837184902296,0,1,0
564,0,0,2,0,0,360.0,0,0,8.011227255423254,13.103123856478112,0,0,1
566,0,1,0,0,0,360.0,1,1,6.129283016944966,11.702605602110248,0,0,1
567,0,0,3,0,0,360.0,0,0,6.94251450533924,12.526499239136566,1,0,0
568,1,1,0,0,0,360.0,1,0,3.169925001442312,11.215532999745657,0,0,1
569,0,0,0,0,0,360.0,0,0,6.700439718141092,12.352595231134304,0,0,1
570,0,0,1,0,0,360.0,1,1,7.539158811108031,12.335111168424861,0,0,1
571,0,0,0,0,0,360.0,0,0,7.366322214245816,12.681018739902102,0,0,1
572,0,0,2,0,0,360.0,1,1,8.103287808412022,14.024620264759832,0,0,1
573,0,0,2,1,0,480.0,1,0,7.546894459887636,12.919980595048962,0,1,0
574,0,0,3,0,0,360.0,1,0,7.22881869049588,12.645208082774683,0,1,0
575,0,0,2,0,0,84.0,1,1,6.754887502163468,11.821773981970567,0,0,1
576,1,0,0,0,0,360.0,0,0,7.087462841250339,12.370959793297386,0,1,0
577,0,1,0,0,0,360.0,1,1,6.78135971352466,12.543031820255237,0,0,1
578,0,0,1,0,0,360.0,1,1,6.741466986401147,11.970824901362617,1,0,0
580,0,0,2,0,0,360.0,1,1,7.679480099505446,12.675074920385445,0,1,0
581,0,1,0,0,0,360.0,1,0,6.491853096329675,15.122544927093104,0,0,1
582,1,0,0,0,0,360.0,1,1,5.169925001442312,11.62844554013718,0,1,0
584,0,0,1,0,0,360.0,0,0,7.189824558880018,12.199672344836364,1,0,0
585,0,0,1,0,0,84.0,1,0,7.426264754702098,12.830317129810208,1,0,0
586,0,0,0,0,0,360.0,1,1,6.700439718141092,11.898979204622513,0,0,1
587,1,1,0,1,0,360.0,1,1,6.129283016944966,11.080151309614088,0,1,0
588,1,1,0,0,0,360.0,1,1,6.554588851677638,12.213711798105672,0,1,0
589,0,0,2,0,1,360.0,0,0,6.727920454563199,11.41256984680521,0,1,0
590,0,0,0,0,0,180.0,1,1,5.807354922057604,12.64745842645492,0,1,0
591,0,0,2,0,1,240.0,1,0,7.679480099505446,12.550746785383243,0,1,0
592,1,1,3,0,1,360.0,1,1,8.189824558880018,13.191830338095308,0,1,0
593,0,0,0,0,0,180.0,1,1,7.149747119504682,12.805542364358724,1,0,0
594,0,0,0,0,1,360.0,1,1,8.022367813028454,13.97656412341533,0,0,1
595,0,1,0,1,0,360.0,1,1,6.78135971352466,11.904258282800518,1,0,0
596,0,0,2,1,1,360.0,1,0,7.546894459887636,12.849991443179317,1,0,0
597,0,1,0,0,0,360.0,0,0,6.459431618637297,11.544481522310791,0,1,0
598,0,0,0,0,1,360.0,1,1,7.491853096329675,13.282364508223864,1,0,0
599,0,0,2,0,0,360.0,1,1,7.584962500721156,12.496853777388042,0,0,1
602,0,0,3,0,0,360.0,1,1,7.0,12.477505317369708,0,0,1
603,0,1,0,0,0,360.0,1,1,7.426264754702098,12.961630562578824,1,0,0
604,1,0,1,0,0,360.0,1,1,8.954196310386875,13.550746785383243,0,1,0
605,0,0,0,1,0,180.0,1,0,7.007810628047801,12.5980525001616,0,0,1
606,0,0,1,0,0,360.0,1,1,7.434628227636725,12.526499239136566,0,1,0
607,0,0,2,1,0,360.0,1,1,7.294620748891627,12.398209261466851,1,0,0
608,0,0,0,0,0,360.0,1,1,6.754887502163468,12.339293300180094,1,0,0
609,1,1,0,0,0,360.0,1,1,6.149747119504682,11.501837184902296,1,0,0
610,0,0,3,0,0,180.0,1,1,5.321928094887363,12.003517912108602,1,0,0
611,0,0,1,0,0,360.0,1,1,7.98299357469431,13.020979938904212,0,0,1
612,0,0,2,0,0,360.0,1,1,7.546894459887636,12.888553007579214,0,0,1
613,1,1,0,0,1,360.0,0,0,7.05528243550119,12.162076570374312,0,1,0
